﻿{"cameraMode":{"drawMode":0,"name":"Shaded","section":"Shading Mode"},"sceneLighting":false,"audioPlay":false,"sceneViewState":{"showFog":true,"showMaterialUpdate":false,"showSkybox":false,"showFlares":true,"showImageEffects":true,"showParticleSystems":true},"in2DMode":false,"pivot":{"x":-6.465281009674072,"y":0.46047818660736086,"z":3.982001304626465},"rotation":{"x":0.34359312057495119,"y":0.5620103478431702,"z":-0.275872141122818,"w":0.6999875903129578},"size":0.7404454350471497,"orthographic":false}