﻿{"cameraMode":{"drawMode":0,"name":"Shaded","section":"Shading Mode"},"sceneLighting":true,"audioPlay":false,"sceneViewState":{"showFog":true,"showMaterialUpdate":false,"showSkybox":true,"showFlares":true,"showImageEffects":true,"showParticleSystems":true},"in2DMode":false,"pivot":{"x":-2.0902366638183595,"y":1.2370350360870362,"z":9.175743103027344},"rotation":{"x":-0.15731249749660493,"y":-0.8058047294616699,"z":0.5151454210281372,"w":-0.24608279764652253},"size":5.635488033294678,"orthographic":false}