﻿{"cameraMode":{"drawMode":0,"name":"Shaded","section":"Shading Mode"},"sceneLighting":false,"audioPlay":false,"sceneViewState":{"showFog":true,"showMaterialUpdate":false,"showSkybox":false,"showFlares":true,"showImageEffects":true,"showParticleSystems":true},"in2DMode":false,"pivot":{"x":-6.291684627532959,"y":0.4630219340324402,"z":3.653792381286621},"rotation":{"x":0.1980784386396408,"y":0.4398508071899414,"z":-0.10012367367744446,"w":0.8702133893966675},"size":0.5457528829574585,"orthographic":false}