﻿{"cameraMode":{"drawMode":0,"name":"Shaded","section":"Shading Mode"},"sceneLighting":false,"audioPlay":false,"sceneViewState":{"showFog":true,"showMaterialUpdate":false,"showSkybox":false,"showFlares":true,"showImageEffects":true,"showParticleSystems":true},"in2DMode":false,"pivot":{"x":-6.857573509216309,"y":0.4926946759223938,"z":3.9914989471435549},"rotation":{"x":0.1952119767665863,"y":0.5556078553199768,"z":-0.13615259528160096,"w":0.7966521978378296},"size":0.4546419382095337,"orthographic":false}